{"agent":"{\"894274847809158700\":{\"id\":894274847809158700,\"label\":\"Test mnod\",\"properties\":[\"EWA\"],\"personal_values\":[],\"information\":\"\",\"components\":{\"533095394649594900\":{}},\"intrinsic_capability\":[],\"decision_making_behavior\":[]}}","role":"{\"213515943725020700\":{\"id\":213515943725020700,\"dependencies_x\":393.719806763285,\"dependencies_y\":406.25,\"label\":\"asdasd\",\"objective\":\"\",\"sub_objectives\":[],\"entry_conditions\":[],\"institutional_capabilities\":[],\"dependees\":{\"335057538477284350\":{},\"471400346141308540\":{}},\"dependents\":{\"335057538477284350\":{}}},\"335057538477284350\":{\"id\":335057538477284350,\"dependencies_x\":250,\"dependencies_y\":753.125,\"label\":\"weew2q342\",\"objective\":\"\",\"sub_objectives\":[],\"entry_conditions\":[],\"institutional_capabilities\":[\"asdasdasd\"],\"dependents\":{\"213515943725020700\":{}},\"dependees\":{\"213515943725020700\":{},\"471400346141308540\":{}}},\"471400346141308540\":{\"id\":471400346141308540,\"dependencies_x\":158.21256038647343,\"dependencies_y\":359.375,\"label\":\"Snurf\",\"objective\":\"\",\"sub_objectives\":[],\"institutions\":{\"220280186738818880\":{}},\"entry_conditions\":[],\"institutional_capabilities\":[],\"dependents\":{\"213515943725020700\":{},\"335057538477284350\":{}}}}","validation_variable":"{\"403145899411353150\":{\"id\":403145899411353150,\"label\":\"Boom\",\"evaluation\":{\"306019569967721300\":{\"evaluation\":\"i\"},\"331453680656202300\":{\"evaluation\":\"i\"},\"308193232728282700\":{\"evaluation\":\"i\"},\"399006488862925440\":{\"evaluation\":\"i\"}}},\"297152586999852500\":{\"id\":297152586999852500,\"label\":\"Roos\",\"evaluation\":{\"308193232728282700\":{\"evaluation\":\"d\"},\"399006488862925440\":{\"evaluation\":\"d\"},\"331453680656202300\":{\"evaluation\":\"d\"}}},\"816353846341371500\":{\"id\":816353846341371500,\"label\":\"Vis\"}}","dirty":"true","domain_problem_variable":"{\"504906018675198460\":{\"id\":504906018675198460,\"label\":\"645yertyherty\"}}","component":"{\"533095394649594900\":{\"id\":533095394649594900,\"composition_x\":916,\"composition_y\":372,\"connections_x\":482,\"connections_y\":322,\"label\":\"nbk;hjk\",\"properties\":[],\"type\":\"open\",\"behaviors\":[],\"agents\":{\"894274847809158700\":{}}}}","action_situation":"{\"331453680656202300\":{\"id\":331453680656202300,\"label\":\"asdasdasd\",\"validation_variable\":{\"297152586999852500\":{\"evaluation\":\"d\"},\"403145899411353150\":{\"evaluation\":\"i\"}}},\"306019569967721300\":{\"id\":306019569967721300,\"label\":\"dfgdfg\",\"validation_variable\":{\"403145899411353150\":{\"evaluation\":\"i\"}}},\"308193232728282700\":{\"id\":308193232728282700,\"label\":\"dfgdfg\",\"validation_variable\":{\"297152586999852500\":{\"evaluation\":\"d\"},\"403145899411353150\":{\"evaluation\":\"i\"}}},\"399006488862925440\":{\"id\":399006488862925440,\"label\":\"dfgdfg\",\"validation_variable\":{\"297152586999852500\":{\"evaluation\":\"d\"},\"403145899411353150\":{\"evaluation\":\"i\"}}}}","institution":"{\"220280186738818880\":{\"id\":220280186738818880,\"x\":282,\"y\":457,\"deontic_type\":\"none\",\"label\":\"Kek\",\"aim\":\"\",\"condition\":\"\",\"or_else\":\"\",\"roles\":{\"471400346141308540\":{}}}}","save_info":"{\"0\":{\"id\":0,\"description\":\"Test model 4\",\"email\":\"bertbelder@gmail.com\"}}"}