{"agent":"{\"958392464322969300\":{\"id\":958392464322969300,\"label\":\"householdMember\",\"properties\":[\"sex\",\"age\",\"HouseholdID\",\"CommunityID\",\"education\"],\"personal_values\":[\"careForCommunityMembers\"],\"information\":\"marketPrices\",\"components\":{\"818293110933154800\":{},\"407606683904305100\":{},\"32238855492323636\":{},\"771563182584941400\":{},\"691628903383389000\":{},\"688627333845943200\":{},\"427494301926344640\":{},\"355026065604761200\":{},\"988494999706745100\":{},\"265398924006149200\":{},\"150028167525306340\":{},\"489169036038219900\":{}},\"intrinsic_capability\":[\"careAndShareWithinHousehold\"],\"decision_making_behavior\":[\"minimizeRisk\",\"maximizeProfit\"],\"roles\":{\"550593709573149700\":{},\"591064258944243200\":{},\"812230649637058400\":{},\"767524328781291900\":{}},\"role_enactments\":{\"264868054306134600\":{},\"943478208268061300\":{}}}}","role":"{\"550593709573149700\":{\"id\":550593709573149700,\"dependencies_x\":499,\"dependencies_y\":334,\"label\":\"wageEarner\",\"objective\":\"money\",\"sub_objectives\":[\"highWage\",\"manyHoursEmployed\"],\"entry_conditions\":[\"haveSkill\",\"haveTransport\",\"hasTime\",\"hasEnergy\"],\"institutional_capabilities\":[\"workForWage\",\"developSkill\"],\"agents\":{\"958392464322969300\":{}},\"institutions\":{\"575469193048775200\":{},\"34478907240554692\":{},\"409810806158930050\":{}},\"role_enactments\":{}},\"591064258944243200\":{\"id\":591064258944243200,\"dependencies_x\":178.743961352657,\"dependencies_y\":403.125,\"label\":\"farmer\",\"objective\":\"food, money\",\"sub_objectives\":[\"food\",\"cashCrop\",\"cattle\"],\"entry_conditions\":[\"householdOwnsLand\",\"rentsLand\"],\"institutional_capabilities\":[\"produceCropsandCattle\",\"employWorker\"],\"agents\":{\"958392464322969300\":{}},\"institutions\":{\"907656866824254300\":{}},\"role_enactments\":{}},\"812230649637058400\":{\"id\":812230649637058400,\"dependencies_x\":518.1159420289855,\"dependencies_y\":593.75,\"label\":\"student\",\"objective\":\"qualifications\",\"sub_objectives\":[\"PrimarySchool1-6\",\"SecondarySchool1-6\",\"Postgraduate\"],\"entry_conditions\":[\"haveSchoolingAge\",\"HouseholdHasFood\"],\"institutional_capabilities\":[\"study\"],\"agents\":{\"958392464322969300\":{}},\"institutions\":{\"409810806158930050\":{},\"102041419595479970\":{}}},\"767524328781291900\":{\"id\":767524328781291900,\"dependencies_x\":181.1594202898551,\"dependencies_y\":671.875,\"label\":\"trader\",\"objective\":\"getMoney\",\"sub_objectives\":[\"buyCheap\",\"sellDear\",\"highVolume\",\"highMargins\"],\"entry_conditions\":[\"haveMoney\",\"haveMerchandise\"],\"institutional_capabilities\":[\"sellMerchandise\"],\"institutions\":{\"297189384466037200\":{},\"907656866824254300\":{}},\"agents\":{\"958392464322969300\":{}},\"role_enactments\":{\"264868054306134600\":{},\"943478208268061300\":{}},\"actions\":{\"676536302780732500\":{},\"139787468360736960\":{}}}}","action":"{\"676536302780732500\":{\"id\":676536302780732500,\"action_situation\":{\"375004173023626240\":{}},\"roles\":{\"767524328781291900\":{}},\"body\":\"sellMerchandise\",\"components\":{\"32238855492323636\":{},\"988494999706745100\":{},\"150028167525306340\":{},\"489169036038219900\":{}},\"institutions\":{\"297189384466037200\":{},\"907656866824254300\":{}},\"precondition\":\"pre\",\"postcondition\":\"post\"},\"139787468360736960\":{\"id\":139787468360736960,\"action_situation\":{\"375004173023626240\":{}},\"roles\":{\"767524328781291900\":{}},\"body\":\"requiresFuel\",\"precondition\":\"\",\"postcondition\":\"\"}}","dirty":"true","save_info":"{\"0\":{\"id\":0,\"description\":\"before 12 april\",\"email\":\"michiel@inclusionworldwide.org\"}}","component":"{\"818293110933154800\":{\"id\":818293110933154800,\"composition_x\":911,\"composition_y\":488,\"connections_x\":248.792270531401,\"connections_y\":284.375,\"label\":\"housing\",\"properties\":[\"financialValue\",\"location\"],\"type\":\"fenced\",\"behaviors\":[],\"connections\":{\"407606683904305100\":{}},\"agents\":{\"958392464322969300\":{}}},\"407606683904305100\":{\"id\":407606683904305100,\"composition_x\":252,\"composition_y\":498,\"connections_x\":113.52657004830918,\"connections_y\":284.375,\"label\":\"land\",\"properties\":[\"financialValue\",\"location\",\"surfaceArea\"],\"type\":\"fenced\",\"behaviors\":[],\"connectees\":{\"818293110933154800\":{}},\"agents\":{\"958392464322969300\":{}}},\"32238855492323636\":{\"id\":32238855492323636,\"composition_x\":144,\"composition_y\":951,\"connections_x\":217.3913043478261,\"connections_y\":768.75,\"label\":\"meansOfTransportation\",\"properties\":[\"financialValue\"],\"type\":\"fenced\",\"behaviors\":[\"requiresFuel\"],\"agents\":{\"958392464322969300\":{}},\"actions\":{\"676536302780732500\":{}}},\"771563182584941400\":{\"id\":771563182584941400,\"composition_x\":971,\"composition_y\":134,\"connections_x\":355.07246376811594,\"connections_y\":775,\"label\":\"workUtilities\",\"properties\":[\"financialValue\"],\"type\":\"fenced\",\"behaviors\":[\"requiresFuel\",\"requiresElectricPower\"],\"agents\":{\"958392464322969300\":{}}},\"691628903383389000\":{\"id\":691628903383389000,\"composition_x\":560,\"composition_y\":319,\"connections_x\":485.5072463768116,\"connections_y\":771.875,\"label\":\"householdAppliances\",\"properties\":[\"financialValue\"],\"type\":\"fenced\",\"behaviors\":[\"requiresElectricPower\"],\"agents\":{\"958392464322969300\":{}}},\"688627333845943200\":{\"id\":688627333845943200,\"composition_x\":701.6908212560387,\"composition_y\":490.625,\"connections_x\":614.7342995169082,\"connections_y\":771.875,\"label\":\"valuables\",\"properties\":[\"financialValue\"],\"type\":\"fenced\",\"behaviors\":[],\"connections\":{},\"agents\":{\"958392464322969300\":{}}},\"427494301926344640\":{\"id\":427494301926344640,\"composition_x\":327,\"composition_y\":786,\"connections_x\":962.56038647343,\"connections_y\":490.625,\"label\":\"credit\",\"properties\":[\"financialValue\"],\"type\":\"fenced\",\"behaviors\":[\"yieldsInterest\"],\"agents\":{\"958392464322969300\":{}}},\"355026065604761200\":{\"id\":355026065604761200,\"composition_x\":9,\"composition_y\":726,\"connections_x\":846.6183574879227,\"connections_y\":490.625,\"label\":\"liability\",\"properties\":[\"financialValue\"],\"type\":\"fenced\",\"behaviors\":[\"requiresInterest\"],\"agents\":{\"958392464322969300\":{}}},\"988494999706745100\":{\"id\":988494999706745100,\"composition_x\":704,\"composition_y\":215,\"connections_x\":570.048309178744,\"connections_y\":53.125,\"label\":\"humanBody\",\"properties\":[\"health\",\"physicalPower\"],\"type\":\"fenced\",\"behaviors\":[\"requiresFood\",\"requiresRest\",\"growsUntilMature\",\"weakensWhenAging\"],\"agents\":{\"958392464322969300\":{}},\"actions\":{\"676536302780732500\":{}}},\"265398924006149200\":{\"id\":265398924006149200,\"composition_x\":231,\"composition_y\":347,\"connections_x\":729.4685990338164,\"connections_y\":771.875,\"label\":\"foodStores\",\"properties\":[\"financialValue\",\"nutritionalValue\",\"seedValue\"],\"type\":\"fenced\",\"behaviors\":[\"hasShelfLife\"],\"agents\":{\"958392464322969300\":{}}},\"150028167525306340\":{\"id\":150028167525306340,\"composition_x\":382,\"composition_y\":726,\"connections_x\":230,\"connections_y\":140,\"label\":\"cattle\",\"properties\":[\"health\",\"financialValue\",\"nutritionalValue\"],\"type\":\"fenced\",\"behaviors\":[\"requiresFood\",\"requiresGrazing\",\"yieldsAnimalTraction\",\"reproduces\"],\"agents\":{\"958392464322969300\":{}},\"actions\":{\"676536302780732500\":{}}},\"489169036038219900\":{\"id\":489169036038219900,\"composition_x\":961,\"composition_y\":729,\"connections_x\":953,\"connections_y\":933,\"label\":\"cashCrop\",\"properties\":[\"financialValue\",\"seedValue\"],\"type\":\"fenced\",\"behaviors\":[\"hasShelfLife\"],\"agents\":{\"958392464322969300\":{}},\"actions\":{\"676536302780732500\":{}}}}",